{"Dance\/Electronic":{"danceability":0.6832134913,"energy":0.8897556734,"popularity":0.4217084767,"valence":0.6714109991},"Folk\/Acoustic":{"danceability":0.2471670052,"energy":0.8254997893,"popularity":0.653773599,"valence":0.7631359556},"R&B":{"danceability":0.7824768907,"energy":0.7134930194,"popularity":0.5872194466,"valence":0.728465779},"World\/Traditional":{"danceability":0.4033491417,"energy":0.7541191698,"popularity":0.3691374743,"valence":0.9235183745},"blues":{"danceability":0.6084478742,"energy":0.7275492543,"popularity":0.0,"valence":0.5827191983},"classical":{"danceability":0.346316339,"energy":0.5747097716,"popularity":0.7783019036,"valence":0.0840149676},"country":{"danceability":0.2942980359,"energy":0.8088765174,"popularity":0.4923951009,"valence":0.638882127},"easy listening":{"danceability":0.4428333896,"energy":0.7608057931,"popularity":0.7084135503,"valence":0.7438254384},"hip hop":{"danceability":0.908185962,"energy":0.7761247237,"popularity":0.7332558797,"valence":0.7247195731},"jazz":{"danceability":0.1620565151,"energy":0.0,"popularity":0.5336927339,"valence":0.0},"latin":{"danceability":0.9345351169,"energy":0.9251577953,"popularity":0.6080483622,"valence":1.0},"metal":{"danceability":0.0,"energy":1.0,"popularity":1.0,"valence":0.4858025476},"pop":{"danceability":0.6982262798,"energy":0.8025996872,"popularity":0.6126055199,"valence":0.7086080874},"rock":{"danceability":0.1955786417,"energy":0.9306766749,"popularity":0.7813428848,"valence":0.6447911797},"set()":{"danceability":1.0,"energy":0.8428327028,"popularity":0.5316711503,"valence":0.9441408177}}