{
    "Dance/Electronic": {
        "danceability": 0.666792,
        "energy": 0.767123,
        "popularity": 54.982051,
        "valence": 0.536671
    },
    "Folk/Acoustic": {
        "danceability": 0.5674,
        "energy": 0.72855,
        "popularity": 60.2,
        "valence": 0.57925
    },
    "R&B": {
        "danceability": 0.689418,
        "energy": 0.661312,
        "popularity": 58.70354,
        "valence": 0.563156
    },
    "World/Traditional": {
        "danceability": 0.603,
        "energy": 0.6857,
        "popularity": 53.8,
        "valence": 0.6537
    },
    "blues": {
        "danceability": 0.64975,
        "energy": 0.66975,
        "popularity": 45.5,
        "valence": 0.4955
    },
    "classical": {
        "danceability": 0.59,
        "energy": 0.578,
        "popularity": 63.0,
        "valence": 0.264
    },
    "country": {
        "danceability": 0.578143,
        "energy": 0.718571,
        "popularity": 56.571429,
        "valence": 0.521571
    },
    "easy listening": {
        "danceability": 0.612,
        "energy": 0.689714,
        "popularity": 61.428571,
        "valence": 0.570286
    },
    "hip hop": {
        "danceability": 0.718072,
        "energy": 0.69891,
        "popularity": 61.987147,
        "valence": 0.561417
    },
    "jazz": {
        "danceability": 0.548,
        "energy": 0.233,
        "popularity": 57.5,
        "valence": 0.225
    },
    "latin": {
        "danceability": 0.724078,
        "energy": 0.788375,
        "popularity": 59.171875,
        "valence": 0.689203
    },
    "metal": {
        "danceability": 0.511061,
        "energy": 0.833303,
        "popularity": 67.984848,
        "valence": 0.450511
    },
    "pop": {
        "danceability": 0.670214,
        "energy": 0.714803,
        "popularity": 59.274342,
        "valence": 0.553938
    },
    "rock": {
        "danceability": 0.555641,
        "energy": 0.791688,
        "popularity": 63.068376,
        "valence": 0.524314
    },
    "set()": {
        "danceability": 0.739,
        "energy": 0.738955,
        "popularity": 57.454545,
        "valence": 0.663273
    }
}