{
    "Dance\/Electronic":{
        "danceability":0.6667923077,
        "energy":0.7671230769,
        "popularity":54.9820512821,
        "valence":0.5366710256,
        "duration_min":4.2
    },
    "Folk\/Acoustic":{
        "danceability":0.5674,
        "energy":0.72855,
        "popularity":60.2,
        "valence":0.57925,
        "duration_min":3.9
    },
    "R&B":{
        "danceability":0.6894181416,
        "energy":0.6613119469,
        "popularity":58.703539823,
        "valence":0.5631564159,
        "duration_min":3.8
    },
    "World\/Traditional":{
        "danceability":0.603,
        "energy":0.6857,
        "popularity":53.8,
        "valence":0.6537,
        "duration_min":4.0
    },
    "blues":{
        "danceability":0.64975,
        "energy":0.66975,
        "popularity":45.5,
        "valence":0.4955,
        "duration_min":4.1
    },
    "classical":{
        "danceability":0.59,
        "energy":0.578,
        "popularity":63.0,
        "valence":0.264,
        "duration_min":5.0
    },
    "country":{
        "danceability":0.5781428571,
        "energy":0.7185714286,
        "popularity":56.5714285714,
        "valence":0.5215714286,
        "duration_min":3.7
    },
    "easy listening":{
        "danceability":0.612,
        "energy":0.6897142857,
        "popularity":61.4285714286,
        "valence":0.5702857143,
        "duration_min":3.9
    },
    "hip hop":{
        "danceability":0.7180719794,
        "energy":0.6989100257,
        "popularity":61.9871465296,
        "valence":0.5614173522,
        "duration_min":3.5
    },
    "jazz":{
        "danceability":0.548,
        "energy":0.233,
        "popularity":57.5,
        "valence":0.225,
        "duration_min":5.5
    },
    "latin":{
        "danceability":0.724078125,
        "energy":0.788375,
        "popularity":59.171875,
        "valence":0.689203125,
        "duration_min":3.6
    },
    "metal":{
        "danceability":0.5110606061,
        "energy":0.8333030303,
        "popularity":67.9848484848,
        "valence":0.4505106061,
        "duration_min":4.1
    },
    "pop":{
        "danceability":0.6702137171,
        "energy":0.7148028169,
        "popularity":59.2743417024,
        "valence":0.5539382119,
        "duration_min":3.8
    },
    "rock":{
        "danceability":0.5556410256,
        "energy":0.7916880342,
        "popularity":63.0683760684,
        "valence":0.5243141026,
        "duration_min":4.0
    },
    "set()":{
        "danceability":0.739,
        "energy":0.7389545455,
        "popularity":57.4545454545,
        "valence":0.6632727273,
        "duration_min":3.9
    }
}